civil,doppelganger,dificultad
perro,lobo,facil
gato,tigre,facil
caballo,mula,facil
vaca,toro,facil
gallina,perdiz,facil
pato,ganso,facil
conejo,liebre,facil
araña,escorpión,facil
paloma,cotorra,facil
pez,tortuga,facil
manzana,pera,facil
limón,naranja,facil
sandía,melón,facil
durazno,ciruela,facil
frutilla,frambuesa,facil
uva,cereza,facil
papa,batata,facil
tomate,pimiento,facil
zanahoria,remolacha,facil
arroz,fideos,facil
pan,galleta,facil
leche,yogur,facil
queso,manteca,facil
huevo,mayonesa,facil
azúcar,sal,facil
café,cortado,facil
helado,granizado,facil
chocolate,caramelo,facil
torta,budín,facil
galletita,oblea,facil
pizza,fainá,facil
cerveza,sidra,facil
vino,champán,facil
colectivo,micro,facil
subte,tren,facil
auto,camioneta,facil
moto,bicicleta,facil
avión,helicóptero,facil
barco,lancha,facil
ruta,autopista,facil
puente,túnel,facil
aeropuerto,terminal,facil
puerto,muelle,facil
zapatilla,bota,facil
remera,musculosa,facil
pantalón,bermuda,facil
campera,chaleco,facil
gorra,boina,facil
bolso,mochila,facil
bufanda,pañuelo,facil
medias,calcetines,facil
cinturón,tiradores,facil
vestido,pollera,facil
fútbol,rugby,facil
pelota,balón,facil
cancha,estadio,facil
arquero,guardameta,facil
gol,tanto,facil
campeonato,torneo,facil
partido,encuentro,facil
equipo,selección,facil
hospital,clínica,facil
escuela,colegio,facil
banco,cajero,facil
supermercado,almacén,facil
teatro,cine,facil
parque,plaza,facil
jardín,patio,facil
heladera,freezer,facil
televisor,pantalla,facil
celular,tablet,facil
silla,sillón,facil
mesa,escritorio,facil
lluvia,tormenta,facil
verano,invierno,facil
asado,parrilla,facil
mate,tereré,facil
empanada,pastelito,facil
alfajor,galletita,facil
choripán,pancho,facil
dulce de leche,mermelada,facil
gaucho,paisano,facil
poncho,chiripá,facil
tango,milonga,facil
chacarera,zamba,facil
Buenos Aires,Córdoba,facil
Mendoza,Tucumán,facil
Salta,Jujuy,facil
Rosario,Mar del Plata,facil
Patagonia,Pampa,facil
Andes,Sierras,facil
Iguazú,Glaciar Perito Moreno,facil
Río de la Plata,río Paraná,facil
carpincho,capibara,facil
ñandú,emú,facil
guanaco,llama,facil
pejerrey,dorado,facil
ceibo,jacarandá,facil
lapacho,algarrobo,facil
pampero,sudestada,facil
médico,enfermero,medio
abogado,procurador,medio
contador,auditor,medio
maestro,profesor,medio
odontólogo,dentista,medio
veterinario,zootecnista,medio
plomero,gasista,medio
electricista,técnico eléctrico,medio
taxista,remisero,medio
kinesiólogo,fisioterapeuta,medio
arquitecto,ingeniero civil,medio
periodista,conductor de radio,medio
guiso,estofado,medio
milanesa,escalope,medio
sorrentinos,ravioles,medio
sopa,caldo,medio
bife,lomo,medio
churrasco,costilla,medio
ensalada,guarnición,medio
hamburguesa,medallón,medio
tarta,quiche,medio
sándwich,wrap,medio
paella,risotto,medio
postre,entrada,medio
fideos con tuco,fideos con manteca,medio
selva,bosque,medio
desierto,estepa,medio
volcán,géiser,medio
glaciar,nevado,medio
cascada,catarata,medio
bahía,golfo,medio
isla,península,medio
delta,estuario,medio
llanura,meseta,medio
quebrada,cañón,medio
costa,litoral,medio
cueva,gruta,medio
música,danza,medio
pintura,escultura,medio
fotografía,video,medio
teatro,ópera,medio
poesía,prosa,medio
novela,cuento,medio
historia,geografía,medio
religión,espiritualidad,medio
idioma,dialecto,medio
tradición,costumbre,medio
internet,wifi,medio
televisión,streaming,medio
satélite,telescopio,medio
vacuna,antibiótico,medio
cirugía,radiografía,medio
energía solar,energía eólica,medio
reciclaje,compostaje,medio
microscopio,lupa,medio
mapa,brújula,medio
termómetro,tensiómetro,medio
dormitorio,living,medio
balcón,terraza,medio
ascensor,escalera,medio
lavadora,lavarropas,medio
cortina,persiana,medio
lámpara,velador,medio
puerta,ventana,medio
cocina,comedor,medio
baño,ducha,medio
garaje,cochera,medio
natación,remo,medio
tenis,pádel,medio
básquet,handball,medio
boxeo,artes marciales,medio
ciclismo,atletismo,medio
pesca,caza,medio
ajedrez,damas,medio
festival,recital,medio
locro,guiso norteño,medio
humita,tamale,medio
chipa,chipa guazú,medio
matambre,peceto,medio
provoleta,queso a la parrilla,medio
chimichurri,salsa criolla,medio
quincho,asador,medio
fernet,aperitivo amargo,medio
estancia,campo,medio
boleadoras,lazo,medio
hornero,benteveo,medio
yarará,cascabel,medio
yacaré,caimán,medio
puma,yaguareté,medio
quebracho,algarrobo colorado,medio
yerba mate,yerba compuesta,medio
bombilla,pitillo,medio
payada,contrapunto,medio
cumbia,cuarteto,medio
chamamé,polca correntina,medio
Litoral,Mesopotamia,medio
NOA,Puna,medio
Cuyo,región andina,medio
NEA,Noreste argentino,medio
Gauchito Gil,Difunta Correa,medio
democracia,república,dificil
dictadura,autoritarismo,dificil
socialismo,comunismo,dificil
capitalismo,liberalismo,dificil
inflación,devaluación,dificil
recesión,depresión económica,dificil
presupuesto,balance fiscal,dificil
deuda pública,deuda externa,dificil
impuesto,arancel,dificil
subsidio,transferencia social,dificil
privatización,estatización,dificil
sindicato,gremio,dificil
huelga,paro activo,dificil
referéndum,plebiscito,dificil
constitución,estatuto,dificil
átomo,molécula,dificil
ADN,ARN,dificil
célula,tejido,dificil
ecosistema,bioma,dificil
fotosíntesis,respiración celular,dificil
evolución,adaptación,dificil
inteligencia artificial,machine learning,dificil
ciberseguridad,privacidad digital,dificil
blockchain,criptomoneda,dificil
energía nuclear,fisión atómica,dificil
astronomía,astrofísica,dificil
neurociencia,psicología cognitiva,dificil
biotecnología,ingeniería genética,dificil
nanotecnología,materiales avanzados,dificil
revolución industrial,revolución digital,dificil
existencialismo,nihilismo,dificil
empirismo,racionalismo,dificil
utopía,distopía,dificil
renacimiento,barroco,dificil
romanticismo,realismo,dificil
vanguardismo,modernismo,dificil
surrealismo,dadaísmo,dificil
realismo mágico,literatura fantástica,dificil
épica,tragedia,dificil
sátira,parodia,dificil
metáfora,alegoría,dificil
ética,moral,dificil
estética,poética,dificil
semiótica,lingüística,dificil
dialéctica,retórica,dificil
derechos humanos,libertades civiles,dificil
feminismo,equidad de género,dificil
globalización,mundialización,dificil
migraciones,diáspora,dificil
urbanización,suburbanización,dificil
laicismo,clericalismo,dificil
corrupción,nepotismo,dificil
transparencia,rendición de cuentas,dificil
poder judicial,poder ejecutivo,dificil
federalismo,centralismo,dificil
autonomía,soberanía,dificil
tratado,convenio,dificil
protocolo,acuerdo internacional,dificil
patrimonio cultural,identidad nacional,dificil
secularización,modernización,dificil
cambio climático,calentamiento global,dificil
biodiversidad,diversidad biológica,dificil
deforestación,desertificación,dificil
contaminación,polución,dificil
humedal,área protegida,dificil
especie endémica,especie invasora,dificil
corriente marina,marea,dificil
capa de ozono,efecto invernadero,dificil
sequía,inundación,dificil
terremoto,tsunami,dificil
jerga,argot,dificil
eufemismo,disfemismo,dificil
neologismo,arcaísmo,dificil
semántica,pragmática,dificil
acento,entonación,dificil
peronismo,movimiento nacional,dificil
radicalismo,desarrollismo,dificil
Convertibilidad,Plan Austral,dificil
corralito,cepo cambiario,dificil
obra social,prepaga,dificil
CONICET,INTA,dificil
INVAP,CNEA,dificil
ARSAT,satélite geoestacionario,dificil
lunfardo,vesre,dificil
voseo,tuteo,dificil
Martín Fierro,Santos Vega,dificil
Don Segundo Sombra,Facundo,dificil
Borges,Cortázar,dificil
Charly García,Luis Alberto Spinetta,dificil
Soda Stereo,Los Redonditos de Ricota,dificil
Newell's Old Boys,Club Atlético Colón,dificil
Talleres de Córdoba,Belgrano de Córdoba,dificil
desaparecidos,detenidos políticos,dificil
Malvinas,islas del Atlántico Sur,dificil
Nahuel Huapi,Lago Argentino,dificil
iberá,esteros del Paraná,dificil
puna,prepuna,dificil
quebrada de Humahuaca,valles calchaquíes,dificil
Ceferino Namuncurá,Mama Antula,dificil
Gauchito Gil,San La Muerte,dificil
